Issue key,Issue id,Custom field (Epic Link),Status,Custom field (Execution Status),Work Ratio,Due Date,Summary,Original Estimate,Time Spent,Assignee,Custom field (Budget),Custom field (Product),Sprint,Creator,Custom field (Teams),Custom field (Teams)
AGPI-28,61404,AG-274,Closed,,,02/01/2024 00:00,SandBox permission - single run,,,duduz,P23 - Herbicides (AgPlenus),ChemPass,1/1/24,alinsb,Dev,
LBI-154,66640,LAV-615,Closed,As Planned,,30/04/2024 00:00,2 productions with problematic annotations failing Corbac,,14400,duduz,P271 - CPB Upkeep Computational (CPB),MicroBoost,4/1/24,erezn,Bio-Info,
MIC-1120,62813,MIC-1099,Closed,,112%,31/01/2024 00:00, BLAST tool for Microboost - added functionalities - Filtration,28800,32400,nerias,P192 - LAV 321 (Lavie),MicroBoost,1/1/24,erezn,Dev,
LBI-74,60829,LAV-591,Closed,,,31/01/2024 00:00,HTML format option to BLAST tool being developed,,,duduz,P86 -Product ( Lavie),MicroBoost,1/1/24,sharonl,Dev,
CPB-1235,65500,CPB-1360,Closed,,100%,31/03/2024 00:00,Vue3 - Define and implement common components and methods,57600,57600,nerias,P279 - CPB projects Computational (CPB),CPB,2/1/24,duduz,Dev,
CPB-1230,65319,CPB-1360,Closed,,50%,31/03/2024 00:00,Vue3 - Toxicity Models,57600,28800,noama,P271 - CPB Upkeep Computational (CPB),CPB,3/1/24,duduz,Dev,
CPB-1229,65318,CPB-1360,Closed,,100%,21/03/2024 00:00,Vue3 - Data integration,57600,57600,nerias,P271 - CPB Upkeep Computational (CPB),CPB,3/1/24,duduz,Dev,
CPB-1228,65317,CPB-1360,Closed,,100%,24/03/2024 00:00,Vue3 - SA score,57600,57600,noama,P271 - CPB Upkeep Computational (CPB),CPB,3/1/24,duduz,Dev,
CPB-1227,65316,CPB-1360,Closed,,100%,25/03/2024 00:00,Vue3 - RA score,28800,28800,noama,P271 - CPB Upkeep Computational (CPB),CPB,3/1/24,duduz,Dev,
CPB-1226,65315,CPB-1360,Closed,,87%,27/03/2024 00:00,Vue3 - Ag models,57600,50400,noama,P279 - CPB projects Computational (CPB),CPB,3/1/24,duduz,Dev,
CPB-1224,65313,CPB-1360,Closed,,75%,27/03/2024 00:00,Vue3 - Deepdock,57600,43200,hodayam,P271 - CPB Upkeep Computational (CPB),CPB,3/1/24,duduz,Dev,
CPB-1217,65306,CPB-1360,Closed,,100%,21/03/2024 00:00,Vue3 - All Pointhit apps,144000,144000,hodayam,P271 - CPB Upkeep Computational (CPB),CPB,3/1/24,duduz,Dev,
CPB-1225,65314,CPB-1360,Closed,,87%,31/03/2024 00:00,Vue3 - Interaction filter,57600,50400,noama,P279 - CPB projects Computational (CPB),CPB,3/1/24,duduz,Dev,
CPB-1221,65310,CPB-1360,Closed,,81%,31/03/2024 00:00,Vue3 - Compound availabilty,57600,46800,nerias,P279 - CPB projects Computational (CPB),CPB,3/1/24,duduz,Dev,
CPB-1219,65308,CPB-1360,Closed,,100%,27/03/2024 00:00,Vu3 - Search by vendor,57600,57600,nerias,P279 - CPB projects Computational (CPB),CPB,3/1/24,duduz,Dev,
CPB-1218,65307,CPB-1360,Closed,,143%,21/03/2024 00:00,Vue3 - Active search,57600,82800,hodayam,P279 - CPB projects Computational (CPB),CPB,3/1/24,duduz,Dev,
CPB-1220,65309,CPB-1360,Closed,,100%,25/03/2024 00:00,Vue3 - EVX info ,57600,57600,nerias,P271 - CPB Upkeep Computational (CPB),CPB,3/1/24,duduz,Dev,
CPB-1222,65311,CPB-1360,Closed,,93%,31/03/2024 00:00,Vue3 - Pareto,57600,54000,hodayam,P279 - CPB projects Computational (CPB),CPB,3/1/24,duduz,Dev,
CPB-1236,65504,CPB-1360,Closed,As Planned,93%,04/04/2024 00:00,Vue3 - tSNE,57600,54000,hodayam,P271 - CPB Upkeep Computational (CPB),CPB,4/1/24,duduz,Dev,
CPB-1321,66416,CPB-1360,Closed,As Planned,75%,02/04/2024 00:00,Vue3 - Novelty,57600,43200,hodayam,P271 - CPB Upkeep Computational (CPB),CPB,4/1/24,duduz,Dev,
CPB-1223,65312,CPB-1360,Closed,As Planned,87%,02/04/2024 00:00,Vue3 - Clustering,57600,50400,nerias,P271 - CPB Upkeep Computational (CPB),ChemPass,4/1/24,duduz,Dev,
CPB-1231,65320,CPB-1360,Closed,Delay - Duration,87%,04/04/2024 00:00,Vue3 - Similarity Evaluation,57600,50400,nerias,P271 - CPB Upkeep Computational (CPB),CPB,4/1/24,duduz,Dev,
CHEM-968,66473,CHEM-936,Closed,,75%,31/03/2024 00:00,Interaction Filter in ChemPass sends  completion e-mail before the job is finished ,14400,10800,noama,P274 - Product- Upkeep ChemPass ,ChemPass,3/1/24,boazm,Dev,
CHEM-955,66401,CHEM-936,Closed,,,28/03/2024 00:00,Novelty threshold,,3600,robertoo,P274 - Product- Upkeep ChemPass ,ChemPass,3/1/24,hamutal.e,Algo,
CHEM-918,65324,CHEM-936,Closed,,100%,08/02/2024 00:00,Interaction filter / interaction score computation ,28800,28800,noama,P274 - Product- Upkeep ChemPass ,ChemPass,2/1/24,hamutal.e,Dev,
CHEM-911,64109,CHEM-936,Closed,,,07/02/2024 00:00,ActiveSearch run failed due to long DB file names,,10800,robertoo,P274 - Product- Upkeep ChemPass ,ChemPass,2/1/24,hamutal.e,Algo,
CHEM-897,62818,CHEM-936,Closed,,,25/01/2024 00:00,Interaction filter - metal interactions count,,,robertoo,P274 - Product- Upkeep ChemPass ,ChemPass,1/1/24,hamutal.e,Algo,
CHEM-896,62815,CHEM-936,Closed,,103%,25/01/2024 00:00,Bug in Clustering representatives computation part,86400,89280,robertoo,P274 - Product- Upkeep ChemPass ,ChemPass,1/1/24,hamutal.e,Algo,
CHEM-893,62604,CHEM-936,Closed,,,31/01/2024 00:00,Interaction Filter,,28800,noama,P274 - Product- Upkeep ChemPass ,ChemPass,1/1/24,hamutal.e,Dev,
CHEM-889,62405,CHEM-936,Closed,,75%,22/01/2024 00:00,Pharmacophore Calibration / Behavior when no results are found,14400,10800,robertoo,P274 - Product- Upkeep ChemPass ,ChemPass,1/1/24,hamutal.e,Algo,
CHEM-836,60411,CHEM-936,Closed,,50%,30/11/2023 00:00,Masking property in 'Bioisosteres Generation' app,28800,14400,robertoo,P274 - Product- Upkeep ChemPass ,ChemPass,1/1/24,hamutal.e,Algo,
CHEM-958,66436,CHEM-936,Closed,As Planned,0%,11/04/2024 00:00,Novelty threshold,28800,,duduz,P274 - Product- Upkeep ChemPass ,ChemPass,4/1/24,hamutal.e,Dev,
CHEM-973,66613,CHEM-936,Closed,As Planned,,16/04/2024 00:00,Error in Chemspace DB,,28800,robertoo,P274 - Product- Upkeep ChemPass ,ChemPass,4/1/24,hamutal.e,Algo,
COL-43,65603,COL-8,Closed,,100%,29/02/2024 00:00,COLORS- support,28800,28800,anatm,P290 - Colors (Product),Generator,2/1/24,gala,Algo,
COL-41,65305,COL-8,Closed,,100%,31/01/2024 00:00,gRNA desgin - Rosenbergii,14400,14400,gala,P290 - Colors (Product),Generator,2/1/24,gala,Bio-Info,
COL-40,65200,COL-8,Closed,,100%,29/02/2024 00:00,Implementing plymorphism filtering in evoguide- Feb,57600,57600,michala,P290 - Colors (Product),Generator,2/1/24,gala,Bio-Info,
COL-39,63609,COL-8,Closed,,100%,22/02/2024 00:00,Adding polymorphism to evoguide- planning,57600,57600,michala,P290 - Colors (Product),Generator,2/1/24,gala,Bio-Info,
COL-38,63608,COL-8,Closed,,100%,29/02/2024 00:00,VCF vanammei,57600,57600,gala,P290 - Colors (Product),Generator,2/1/24,gala,Bio-Info,
COL-37,62606,COL-8,Closed,,100%,31/01/2024 00:00,gRNA desgin - Vannamei- cofilin,28800,28800,gala,P290 - Colors (Product),Generator,1/1/24,gala,Bio-Info,
COL-36,62300,COL-8,Closed,,50%,31/01/2024 00:00,gRNA desgin - Rosenbergii,28800,14400,gala,P290 - Colors (Product),Generator,1/1/24,gala,Bio-Info,
COL-34,61203,COL-8,Closed,,100%,31/01/2024 00:00,evo_crispr QA- Jan,86400,86400,gala,P290 - Colors (Product),Generator,1/1/24,gala,Bio-Info,
COL-35,61204,COL-8,Closed,,100%,31/01/2024 00:00,evo_crispr QA- Jan- Algo,86400,86400,anatm,P290 - Colors (Product),Generator,1/1/24,gala,Algo,
COL-32,61002,COL-8,Closed,,100%,04/01/2024 00:00,fasta indexing-Jan,86400,86400,michala,P290 - Colors (Product),Generator,1/1/24,gala,Bio-Info,
COL-27,60642,COL-8,Closed,,100%,31/01/2024 00:00,DAG- add new genome,86400,86400,michala,P290 - Colors (Product),Generator,1/1/24,gala,Bio-Info,
CPB-1330,66479,CPB-1167,Closed,,66%,31/03/2024 00:00,Dev support (Dudu) - Mar,86400,57600,duduz,P271 - CPB Upkeep Computational (CPB),CPB,3/1/24,duduz,Dev,
CPB-1242,65800,CPB-1167,Closed,,37%,31/03/2024 00:00, Dev support (Noam) - Mar,86400,32400,noama,P271 - CPB Upkeep Computational (CPB),CPB,3/1/24,duduz,Dev,
CPB-1243,66011,CPB-1263,Closed,,25%,07/03/2024 00:00,Fix interpro,57600,14400,itair,P271 - CPB Upkeep Computational (CPB),CPB,3/1/24,gala,Bio-Info,
CPB-1237,65508,CPB-1263,Closed,,100%,31/03/2024 00:00,Cleaning intermediate files- config files,115200,115200,liorr,P279 - CPB projects Computational (CPB),CPB,3/1/24,gala,Bio-Info,
CPB-1202,65205,CPB-1263,Closed,,50%,29/03/2024 00:00,BACUM reps- Dev,28800,14400,duduz,P271 - CPB Upkeep Computational (CPB),CPB,3/1/24,gala,Dev,
CPB-1203,65206,CPB-1263,Closed,,100%,31/03/2024 00:00,PM course- Mar,115200,115200,gala,P271 - CPB Upkeep Computational (CPB),CPB,3/1/24,gala,Bio-Info,
CPB-1204,65207,CPB-1263,Closed,,100%,31/03/2024 00:00,PM course- Mar,115200,115200,iliab,P271 - CPB Upkeep Computational (CPB),CPB,3/1/24,gala,Bio-Info,
CPB-1201,65204,CPB-1263,Closed,,100%,29/03/2024 00:00,BACUM reps- BI,14400,14400,liorr,P271 - CPB Upkeep Computational (CPB),CPB,2/1/24,gala,Bio-Info,
CPB-1184,64501,CPB-1263,Closed,,80%,29/02/2024 00:00,Cleaning intermediate files- test,144000,115200,liorr,P279 - CPB projects Computational (CPB),CPB,2/1/24,gala,Bio-Info,
CPB-1176,63900,CPB-1263,Closed,,66%,29/02/2024 00:00,metabacum optimization,86400,57600,noama,P279 - CPB projects Computational (CPB),CPB,2/1/24,gala,Dev,
CPB-1175,63802,CPB-1263,Closed,,45%,29/02/2024 00:00,Dev support (Noam) - Feb,86400,39600,noama,P271 - CPB Upkeep Computational (CPB),CPB,2/1/24,duduz,Dev,
CPB-1174,63617,CPB-1263,Closed,,108%,29/02/2024 00:00,Dev support (Dudu)  - Feb,86400,93660,duduz,P271 - CPB Upkeep Computational (CPB),CPB,2/1/24,duduz,Dev,
CPB-1169,63602,CPB-1263,Closed,,100%,25/02/2024 00:00,EvoCog on the fly - support- 1500 Lavie isolates,86400,86400,iliab,P271 - CPB Upkeep Computational (CPB),CPB,2/1/24,gala,Bio-Info,
CPB-1172,63605,CPB-1263,Closed,,100%,15/02/2024 00:00,BACUM statistics,115200,115200,liorr,P271 - CPB Upkeep Computational (CPB),CPB,2/1/24,gala,Bio-Info,
CPB-1160,63303,CPB-1263,Closed,,114%,26/02/2024 00:00,EvoCog on the fly - 1500 Lavie isolates,201600,230400,itair,P271 - CPB Upkeep Computational (CPB),CPB,2/1/24,Iliaz,Algo,
CPB-1152,63205,CPB-1263,Closed,,100%,31/01/2024 00:00,Dev support (Dudu)  - Jan,86400,86400,duduz,P271 - CPB Upkeep Computational (CPB),CPB,1/1/24,duduz,Dev,
CPB-1145,62500,CPB-1263,Closed,,91%,22/02/2024 00:00,Fix taxa API,86400,79200,noama,P271 - CPB Upkeep Computational (CPB),CPB,2/1/24,gala,Dev,
CPB-1144,62404,CPB-1263,Closed,,9223372036854770000%,31/01/2024 00:00,remove productions from DB,0,3600,duduz,P279 - CPB projects Computational (CPB),CPB,1/1/24,gala,Dev,
CPB-1142,62003,CPB-1263,Closed,,62%,14/01/2024 00:00,BAM files are not shown in IGV,28800,18000,hodayam,P279 - CPB projects Computational (CPB),CPB,1/1/24,gala,Dev,
CPB-1139,60910,CPB-1263,Closed,,100%,01/02/2024 00:00,MetaBacum loader adjustments for large tables,144000,144000,noama,P279 - CPB projects Computational (CPB),CPB,1/1/24,Iliaz,Dev,
CPB-1141,61001,CPB-1263,Closed,,42%,30/01/2024 00:00,Cleaning intermediate files- Jan,100800,43200,liorr,P279 - CPB projects Computational (CPB),CPB,1/1/24,gala,Bio-Info,
CPB-1132,60820,CPB-1263,Closed,,100%,31/01/2024 00:00,Move Savanna script to Airflow,144000,144000,noama,P271 - CPB Upkeep Computational (CPB),CPB,1/1/24,duduz,Dev,
CPB-1247,66234,CPB-1263,Closed,,12%,31/03/2024 00:00,Dev support (Neria) - Mar,86400,10800,nerias,P271 - CPB Upkeep Computational (CPB),CPB,3/1/24,duduz,Dev,
CPB-1324,66424,CPB-1263,Closed,As Planned,100%,30/04/2024 00:00,PM course- April,86400,86400,iliab,P271 - CPB Upkeep Computational (CPB),CPB,4/1/24,gala,Bio-Info,
CPB-1323,66423,CPB-1263,Closed,As Planned,100%,30/04/2024 00:00,PM course- April,86400,86400,gala,P271 - CPB Upkeep Computational (CPB),CPB,4/1/24,gala,Bio-Info,
CPB-1368,66575,CPB-1263,Closed,As Planned,16%,30/04/2024 00:00, Dev support (Neria) - Apr,86400,14400,nerias,P271 - CPB Upkeep Computational (CPB),CPB,4/1/24,duduz,Dev,
CPB-1373,66660,CPB-1263,Closed,As Planned,100%,30/04/2024 00:00,Refunder- optimization,86400,86400,michala,P271 - CPB Upkeep Computational (CPB),CPB,4/1/24,gala,Bio-Info,
CHEM-873,60818,CHEM-805,Closed,,0%,31/01/2024 00:00,Update CHEMUNITY main vendors' db,115200,,robertoo,P274 - Product- Upkeep ChemPass ,ChemPass,1/1/24,hamutal.e,Algo,
CHEM-872,60817,CHEM-805,Closed,,70%,16/01/2024 00:00,Kick-off meeting preparation,144000,100800,robertoo,P274 - Product- Upkeep ChemPass ,ChemPass,1/1/24,hamutal.e,Algo,
CHEM-858,60630,CHEM-805,Closed,,33%,30/11/2023 00:00,Compare Catalog to DB API (Stage 2) - Jan,86400,28800,duduz,P274 - Product- Upkeep ChemPass ,ChemPass,1/1/24,drorf,Dev,
CHEM-850,60590,CHEM-805,Closed,,0%,14/12/2023 00:00,Query for EVXs and get new indeces for new molecules (stage #6),144000,,duduz,P274 - Product- Upkeep ChemPass ,ChemPass,1/1/24,hamutal.e,Dev,
CHEM-851,60591,CHEM-805,Closed,,0%,31/12/2023 00:00,Scripts for DB upload (stage #10),288000,,duduz,P274 - Product- Upkeep ChemPass ,ChemPass,1/1/24,hamutal.e,Dev,
CHEM-892,62603,CHEM-925,Closed,,100%,25/01/2024 00:00,Synthesizability Score App,7200,7200,duduz,P264 - Product-CP (Chempass),ChemPass,1/1/24,hamutal.e,Dev,
CHEM-888,62400,CHEM-925,Closed,,87%,16/01/2024 00:00,ML models for APTH12 Important Descriptors ,57600,50400,robertoo,P264 - Product-CP (Chempass),ChemPass,1/1/24,hamutal.e,Algo,
CHEM-914,65218,CHEM-925,Closed,As Planned,0%,26/04/2024 00:00,Combine new SMARTS in APTH12 De-Novo model,86400,,anatm,P264 - Product-CP (Chempass),ChemPass,4/1/24,hamutal.e,Algo,
CHEM-970,66537,CHEM-926,Closed,,120%,31/03/2024 00:00,De novo design - fine tuning - apply on APTH12 old run - Results & Discussion ,144000,172800,anatm,P264 - Product-CP (Chempass),ChemPass,3/1/24,hamutal.e,Algo,
CHEM-956,66431,CHEM-926,Closed,,100%,28/03/2024 00:00,De novo design - fine tuning - apply on APTH12 old run,86400,86400,anatm,P264 - Product-CP (Chempass),ChemPass,3/1/24,hamutal.e,Algo,
CHEM-915,65220,CHEM-926,Closed,,100%,21/03/2024 00:00,De novo design - fine tuning - code modification,230400,230400,anatm,P264 - Product-CP (Chempass),ChemPass,3/1/24,hamutal.e,Algo,
CHEM-898,63002,CHEM-926,Closed,,140%,29/02/2024 00:00,De novo design - focusing on optimization .Feb24,144000,201600,anatm,P264 - Product-CP (Chempass),ChemPass,2/1/24,hamutal.e,Algo,
CHEM-871,60816,CHEM-926,Closed,,100%,31/01/2024 00:00,De novo design - focusing on optimization .Jan24,230400,230400,anatm,P264 - Product-CP (Chempass),ChemPass,1/1/24,hamutal.e,Algo,
CHEM-957,66432,CHEM-926,Closed,As Planned,100%,09/04/2024 00:00,De novo design - fine tuning - apply on APTH12 old run .Apr24,115200,115200,anatm,P264 - Product-CP (Chempass),ChemPass,4/1/24,hamutal.e,Algo,
CHEM-974,66620,CHEM-926,Closed,As Planned,212%,17/04/2024 00:00,De novo design - fine tuning - summary and discussion,115200,244800,anatm,P264 - Product-CP (Chempass),ChemPass,4/1/24,robertoo,Algo,
CPB-1216,65301,CPB-1250,Closed,,87%,05/03/2024 00:00,POC - complete converting Chempass APIs to ELK,86400,75600,hodayam,P279 - CPB projects Computational (CPB),ChemPass,3/1/24,duduz,Dev,
CPB-1215,65300,CPB-1250,Closed,,100%,07/03/2024 00:00,POC - add and update molecules with Logstash,57600,57600,hodayam,P279 - CPB projects Computational (CPB),ChemPass,3/1/24,duduz,Dev,
CPB-1185,64503,CPB-1250,Closed,,97%,21/02/2024 00:00,"POC - Write APIs for new, update and query molecules",144000,140400,hodayam,P279 - CPB projects Computational (CPB),ChemPass,2/1/24,duduz,Dev,
CPB-1143,62202,CPB-1250,Closed,,0%,28/02/2024 00:00,ChemDB update - Oracle alternatives POC - FEB,288000,,hodayam,P279 - CPB projects Computational (CPB),CPB,2/1/24,drorf,Dev,
LBI-86,60908,LBI-47,Closed,,100%,04/01/2024 00:00,Evos-198 summary stats- Jan,57600,57600,iliab,P82 - ICL (Lavie),MicroBoost,1/1/24,gala,Bio-Info,
MIC-1171,66426,MIC-1170,Closed,As Planned,100%,02/04/2024 00:00,Evaluate and add LaviBio productions that were not assigned to Bacum groups - Dev,28800,28800,duduz,P271 - CPB Upkeep Computational (CPB),MicroBoost,4/1/24,elanitec,Dev,
MIC-1172,66427,MIC-1170,Closed,As Planned,100%,09/04/2024 00:00,Evaluate and add LaviBio productions that were not assigned to Bacum groups - BI,86400,86400,liorr,P271 - CPB Upkeep Computational (CPB),MicroBoost,4/1/24,elanitec,Bio-Info,
GEN-102,59700,CHEM-859,Closed,,25%,21/02/2024 00:00,CLONE - Evolve update based on QA,115200,28800,duduz,P282 - Product general (Product 2023),ChemPass,2/1/24,boazm,Dev,
KFF-8,66497,KFF-1,Closed,,50%,31/03/2024 00:00,Dashboard for Finally Foods,28800,14400,duduz,P401 - The Kitchen,Generator,3/1/24,Iliaz,Dev,
KFF-9,66584,KFF-1,Closed,As Planned,25%,07/04/2024 00:00,Add potato genome and annotations to UCSC,28800,7200,gala,P401 - The Kitchen,CPB,4/1/24,Iliaz,Bio-Info,
INTBIOM-149,64508,INTBIOM-146,Closed,,75%,29/02/2024 00:00,Funda UI changes- DSFDR permutation in multiple funda runs - Dev,57600,43200,duduz,P999 – General (Biomica),MicroBoost,2/1/24,inbarp,Dev,
AGPI-33,63100,AGPI-18,Closed,,50%,19/02/2024 00:00,Run DeepDock following PointHit for 2nd fungicidal targt .Feb24,57600,28806,anatm,P24 - Fungicides (AgPlenus),ChemPass,2/1/24,hamutal.e,Algo,
AGPI-32,63007,AGPI-18,Closed,,50%,31/03/2024 00:00,Run DeepDock for 3rd fungicidal target / First model,57600,28800,anatm,P24 - Fungicides (AgPlenus),ChemPass,3/1/24,hamutal.e,Algo,
AGPI-30,62203,AGPI-18,Closed,,125%,30/11/2023 00:00,Run DeepDock following PointHit for first fungicidal targt .Jan24 - Backup,28800,36000,robertoo,P24 - Fungicides (AgPlenus),ChemPass,1/1/24,robertoo,Algo,
AGPI-27,60827,AGPI-18,Closed,,0%,30/11/2023 00:00,Run DeepDock following PointHit for first fungicidal targt .Jan24,57600,,anatm,P24 - Fungicides (AgPlenus),ChemPass,1/1/24,hamutal.e,Algo,
AGPI-20,60572,AGPI-18,Closed,,0%,15/12/2023 00:00,Run DeepDock following PointHit for 2nd fungicidal targt,57600,,anatm,P24 - Fungicides (AgPlenus),ChemPass,1/1/24,alinsb,Algo,
AGPI-35,63102,AGPI-18,Closed,As Planned,0%,29/02/2024 00:00,Run DeepDock following PointHit for first fungicidal targt .Feb24,57600,,anatm,P24 - Fungicides (AgPlenus),ChemPass,4/1/24,hamutal.e,Algo,
AGPI-50,66400,AGPI-18,Closed,As Planned,50%,25/04/2024 00:00,Run DeepDock for 3rd fungicidal target / Second model,57600,28800,anatm,P24 - Fungicides (AgPlenus),ChemPass,4/1/24,hamutal.e,Algo,
INTCAS-22,66498,INTCAS-23,Closed,,100%,31/03/2024 00:00,Dashboard for Castera,7200,7200,duduz,P402 - Casterra Generator,Generator,3/1/24,Iliaz,Dev,
INTCAS-10,65509,INTCAS-23,Closed,,75%,15/03/2024 00:00,Castor genome production- QA,57600,43200,liorr,P403 - Run Generator (on going) - Casterra ,Generator,3/1/24,gala,Bio-Info,
INTCAS-19,66462,INTCAS-18,Closed,As Planned,123%,30/04/2024 00:00,Generate markers list,144000,178200,markb,P402 - Casterra Generator,Generator,4/1/24,naamag,Bio-Info,
MIC-1143,64804,MIC-720,Closed,,100%,27/02/2024 00:00,Fix Genome page main UI - Droplist Sequences & IGV - add interpro7 track DEV,28800,28800,hodayam,P273 - Product- Upkeep MB ,MicroBoost,2/1/24,larisar,Dev,
MIC-1139,63806,MIC-720,Closed,,100%,15/02/2024 00:00,Genome page - VFDB: results contain all hits per query prt instead of best hit only Feb2024,14400,14400,liorr,P273 - Product- Upkeep MB ,MicroBoost,2/1/24,larisar,Bio-Info,
MIC-1122,62816,MIC-720,Closed,,50%,15/02/2024 00:00,Genome page - VFDB: results contain all hits per query prt instead of best hit only,28800,14400,liorr,P273 - Product- Upkeep MB ,MicroBoost,2/1/24,larisar,Bio-Info,
MIC-1123,62817,MIC-720,Closed,,9223372036854770000%,31/01/2024 00:00,VFDB run button,0,7200,duduz,P271 - CPB Upkeep Computational (CPB),MicroBoost,1/1/24,erezn,Dev,
MIC-1118,62601,MIC-720,Closed,,100%,23/01/2024 00:00,Fix inconsistency in KEGG Pathway annotations on Cluster Page UI,28800,28800,duduz,P273 - Product- Upkeep MB ,MicroBoost,1/1/24,larisar,Dev,
MIC-1108,60859,MIC-720,Closed,,0%,11/01/2024 00:00,Genome Page: VFDB and antiSMASH - broken links in emails,14400,0,hodayam,P271 - CPB Upkeep Computational (CPB),MicroBoost,1/1/24,larisar,Dev,
MIC-1106,60857,MIC-720,Closed,,0%,26/12/2023 00:00,"Genome Page ""Droplist Annotations: Pathway"" (currently KEGG): fix file and tab name",28800,,hodayam,P265 - Product- MB (Microboost),MicroBoost,1/1/24,larisar,Dev,
MIC-1043,60100,MIC-720,Closed,,66%,21/02/2024 00:00,Fix Genome page main UI - Droplist Sequences & IGV - add interpro7 track,86400,57600,itair,P273 - Product- Upkeep MB ,MicroBoost,2/1/24,larisar,Algo,
MIC-1180,66444,MIC-720,Closed,As Planned,50%,30/04/2024 00:00,Please fix interpro7 annotaion file extention during annotation,57600,28800,michala,P271 - CPB Upkeep Computational (CPB),MicroBoost,4/1/24,larisar,Bio-Info,
MIC-1174,66429,MIC-720,Closed,Delay - Duration,50%,08/04/2024 00:00,Fix Genome page main UI - Droplist Sequences & IGV - add interpro7 track DEV Apr,57600,28800,hodayam,P273 - Product- Upkeep MB ,MicroBoost,4/1/24,larisar,Dev,
LBI-115,65302,LBI-77,Closed,,50%,10/03/2024 00:00,delete production,28800,14400,duduz,P82 - ICL (Lavie),MicroBoost,3/1/24,gala,Dev,
LBI-95,62805,LBI-77,Closed,,100%,31/01/2024 00:00,Batch #2 Genome Production part 2- EVOs201,144000,144000,liorr,P82 - ICL (Lavie),MicroBoost,1/1/24,gala,Bio-Info,
LBI-96,62806,LBI-77,Closed,,100%,31/01/2024 00:00,EVOs201 summary stats- final,57600,57600,iliab,P82 - ICL (Lavie),MicroBoost,1/1/24,gala,Bio-Info,
LBI-65,60618,LBI-77,Closed,,100%,31/01/2024 00:00,Batch #1 Genome Production part 2- EVOs201,144000,144000,liorr,P82 - ICL (Lavie),MicroBoost,1/1/24,gala,Bio-Info,
LBI-64,60617,LBI-77,Closed,,100%,31/01/2024 00:00,EVOs201 summary stats,57600,57600,iliab,P82 - ICL (Lavie),MicroBoost,1/1/24,gala,Bio-Info,
MIC-1153,65202,MIC-1060,Closed,,100%,29/02/2024 00:00,Fix productions with different name in fasta file - new prods Feb,86400,86400,michala,P271 - CPB Upkeep Computational (CPB),MicroBoost,2/1/24,gala,Bio-Info,
MIC-1140,64001,MIC-1060,Closed,,100%,29/02/2024 00:00,Fix productions with different name in fasta file - Feb,144000,144000,michala,P271 - CPB Upkeep Computational (CPB),MicroBoost,2/1/24,gala,Bio-Info,
MIC-1096,60704,MIC-1060,Closed,,100%,31/01/2024 00:00,Fix productions with different name in fasta file - Jan,144000,144000,michala,P271 - CPB Upkeep Computational (CPB),MicroBoost,1/1/24,gala,Bio-Info,
COL-45,66604,COL-44,Closed,As Planned,100%,30/06/2024 00:00,Evoguide IGV viewer-BI,144000,144000,michala,P290 - Colors (Product),Generator,4/1/24,naamag,Bio-Info,
AGPI-52,66522,AGPI-34,Closed,Delay - Duration,116%,18/04/2024 00:00,New Phloem Mobility model,86400,100800,robertoo,P210 - Herbicides Corteva (AgPlenus),ChemPass,4/1/24,hamutal.e,Algo,
CHEM-943,66212,CHEM-934,Closed,,100%,21/03/2024 00:00,Novelty application on Dashboard,3600,3600,duduz,P264 - Product-CP (Chempass),ChemPass,3/1/24,hamutal.e,Dev,
CHEM-913,65007,CHEM-934,Closed,,62%,22/02/2024 00:00,change default preparation parameters in Focused PointHit,28800,18000,hodayam,P264 - Product-CP (Chempass),ChemPass,2/1/24,hamutal.e,Dev,
CHEM-905,63403,CHEM-934,Closed,,125%,12/02/2024 00:00,Including compounds' metal-binding states in Full PointHit .Feb24,115200,144000,robertoo,P264 - Product-CP (Chempass),ChemPass,2/1/24,hamutal.e,Algo,
CHEM-903,63400,CHEM-934,Closed,,100%,18/02/2024 00:00,Additional options in Pareto UI,28800,28800,hodayam,P264 - Product-CP (Chempass),ChemPass,2/1/24,hamutal.e,Dev,
CHEM-885,61302,CHEM-934,Closed,,50%,11/01/2024 00:00,a small modification in Focused PointHit UI,28800,14400,hodayam,P264 - Product-CP (Chempass),ChemPass,1/1/24,hamutal.e,Dev,
CHEM-878,60863,CHEM-934,Closed,,25%,11/01/2024 00:00,Including compounds' metal-binding states in Full PointHit,115200,29520,robertoo,P264 - Product-CP (Chempass),ChemPass,1/1/24,hamutal.e,Algo,
CHEM-867,60713,CHEM-934,Closed,,50%,31/12/2023 00:00,Pharmacophore Calibration app - Add screened file to the results output directory ,14400,7200,robertoo,P264 - Product-CP (Chempass),ChemPass,1/1/24,hamutal.e,Algo,
CHEM-960,66441,CHEM-934,Closed,Delay - Effort,35%,30/04/2024 00:00,UI for the weighted sum application,144000,50400,noama,P264 - Product-CP (Chempass),ChemPass,4/1/24,hamutal.e,Dev,
CHEM-904,63402,CHEM-934,Closed,Delay - Effort,100%,08/04/2024 00:00,Molecule's identifiers in Pareto,57600,57600,anatm,P264 - Product-CP (Chempass),ChemPass,4/1/24,hamutal.e,Algo,
CHEM-959,66439,CHEM-934,Closed,As Planned,33%,18/04/2024 00:00,An app for weighted sum ,86400,28800,anatm,P264 - Product-CP (Chempass),ChemPass,4/1/24,hamutal.e,Algo,
CHEM-986,66715,CHEM-934,Closed,As Planned,150%,05/05/2024 00:00,An app for weighted sum - May2024 ,57600,86400,anatm,P264 - Product-CP (Chempass),ChemPass,4/1/24,robertoo,Algo,
CPB-1197,65024,CPB-1170,Closed,,25%,14/03/2024 00:00,Fix 'makebalstdb' command that fails accidentally- BI,57600,14400,liorr,P279 - CPB projects Computational (CPB),CPB,3/1/24,iliab,Bio-Info,
CPB-1194,65021,CPB-1170,Closed,,20%,12/03/2024 00:00,General report for aborting the creation of the production,144000,28800,liorr,P279 - CPB projects Computational (CPB),CPB,3/1/24,iliab,Bio-Info,
CPB-1190,65017,CPB-1170,Closed,,100%,17/03/2024 00:00,Make completeness and contamination thresholds adjustable parameters in the DAG. ,28800,28800,iliab,P279 - CPB projects Computational (CPB),CPB,3/1/24,iliab,Bio-Info,
CPB-1193,65020,CPB-1170,Closed,,66%,05/03/2024 00:00,Parents productions,86400,57600,liorr,P279 - CPB projects Computational (CPB),CPB,3/1/24,iliab,Bio-Info,
CPB-1177,64200,CPB-1170,Closed,,100%,20/02/2024 00:00,fix acc2names,144000,144000,liorr,P279 - CPB projects Computational (CPB),CPB,2/1/24,gala,Bio-Info,
CPB-1171,63604,CPB-1170,Closed,,100%,29/02/2024 00:00,Planning the project,86400,86400,iliab,P279 - CPB projects Computational (CPB),CPB,2/1/24,gala,Bio-Info,
CPB-1195,65022,CPB-1170,Closed,,66%,19/03/2024 00:00,Improvements for BACUM,86400,57600,liorr,P279 - CPB projects Computational (CPB),CPB,3/1/24,iliab,Bio-Info,
CPB-1372,66657,CPB-1170,Closed,,66%,30/05/2024 00:00,Improvements for BACUM: *.assign_novel names fix,43200,28800,liorr,P279 - CPB projects Computational (CPB),CPB,3/1/24,iliab,Bio-Info,
CPB-1376,66666,CPB-1170,Closed,,100%,30/05/2024 00:00,fix plasmids annotaion,57600,57600,michala,P279 - CPB projects Computational (CPB),CPB,3/1/24,gala,Bio-Info,
LBI-129,66228,LBI-103,Closed,,20%,31/03/2024 00:00,BioInsecticides- assembly of public genomes for BIF TS (BI),144000,28800,gala,P85 -Syngenta (Lavie),MicroBoost,3/1/24,erezn,Bio-Info,
LBI-123,66215,LBI-103,Closed,,100%,31/03/2024 00:00,BioInsecticides- BIF Feature preparation - Codon usage,115200,115200,iliab,P85 -Syngenta (Lavie),MicroBoost,3/1/24,erezn,Bio-Info,
LBI-122,66214,LBI-103,Closed,,100%,31/03/2024 00:00, BioInsecticides- BIF Feature preparation - biological activity features,86400,86400,michala,P85 -Syngenta (Lavie),MicroBoost,3/1/24,erezn,Bio-Info,
LBI-124,66216,LBI-103,Closed,,50%,31/03/2024 00:00,BioInsecticides- BIF Feature preparation - KO/PWY/IPR,86400,43200,liorr,P85 -Syngenta (Lavie),MicroBoost,3/1/24,erezn,Bio-Info,
LBI-125,66217,LBI-103,Closed,,100%,31/03/2024 00:00,BioInsecticides- BIF Feature preparation - Protein chemical properties,144000,144000,liorr,P85 -Syngenta (Lavie),MicroBoost,3/1/24,erezn,Bio-Info,
LBI-117,66104,LBI-103,Closed,,100%,27/03/2024 00:00,BioInsecticides- BIF (BI) - Retrieval of valid toxins list,115200,115200,iliab,P85 -Syngenta (Lavie),MicroBoost,3/1/24,erezn,Bio-Info,
LBI-118,66205,LBI-103,Closed,,100%,31/03/2024 00:00,BioInsecticides- downloading public genomes for BIF TS (BI),28800,28800,liorr,P85 -Syngenta (Lavie),MicroBoost,3/1/24,erezn,Bio-Info,
LBI-119,66206,LBI-103,Closed,,,31/03/2024 00:00, BioInsecticides-  ALGO Support,,,anatm,P85 -Syngenta (Lavie),MicroBoost,3/1/24,erezn,Algo,
LBI-116,65900,LBI-103,Closed,,62%,29/03/2024 00:00,BioInsecticides- BIF (BI) - InterPro annotations to Bacum,57600,36000,gala,P85 -Syngenta (Lavie),MicroBoost,3/1/24,erezn,Bio-Info,
LBI-112,65014,LBI-103,Closed,,,31/03/2024 00:00,BioInsecticides- BIF preparation (BI),,43200,gala,P85 -Syngenta (Lavie),MicroBoost,3/1/24,erezn,Bio-Info,
LBI-108,64303,LBI-103,Closed,,100%,29/02/2024 00:00,BioInsecticides-  ALGO preparation ,86400,86400,anatm,P85 -Syngenta (Lavie),MicroBoost,2/1/24,erezn,Algo,
LBI-104,63607,LBI-103,Closed,,50%,29/02/2024 00:00,BioInsecticides- BI preparation ,86400,43200,gala,P85 -Syngenta (Lavie),MicroBoost,2/1/24,elanitec,Bio-Info,
LBI-100,62909,LBI-103,Closed,,50%,31/03/2024 00:00,BioInsecticides- Public productions for BIF TS (BI),144000,72000,gala,P85 -Syngenta (Lavie),MicroBoost,3/1/24,elanitec,Bio-Info,
LBI-150,66556,LBI-103,Closed,As Planned,100%,10/03/2024 00:00,CLONE - BioInsecticides- BIF Feature preparation - KO/PWY/IPR,57600,57600,liorr,P85 -Syngenta (Lavie),MicroBoost,4/1/24,erezn,Bio-Info,
LBI-135,66402,LBI-103,Closed,As Planned,100%,30/04/2024 00:00, BioInsecticides- BIF Feature preparation - genome properties features,144000,144000,michala,P85 -Syngenta (Lavie),MicroBoost,4/1/24,erezn,Bio-Info,
LBI-141,66411,LBI-103,Closed,Delay - Effort,100%,12/04/2024 00:00,BioInsecticides- Generate DAG for BIF model features,115200,115200,liorr,P85 -Syngenta (Lavie),MicroBoost,4/1/24,erezn,Bio-Info,
LBI-144,66414,LBI-103,Closed,As Planned,0%,18/04/2024 00:00,BioInsecticides- downloading public genomes for BIF TS (BI) -APR'24,57600,,gala,P85 -Syngenta (Lavie),MicroBoost,4/1/24,erezn,Bio-Info,
LBI-136,66406,LBI-103,Closed,As Planned,5%,30/04/2024 00:00,BioInsecticides- Public productions for BIF TS (BI),144000,7200,gala,P85 -Syngenta (Lavie),MicroBoost,4/1/24,erezn,Bio-Info,
LBI-143,66413,LBI-103,Closed,As Planned,30%,30/04/2024 00:00,BioInsecticides- calculate features for BIF model training set,144000,43200,liorr,P85 -Syngenta (Lavie),MicroBoost,4/1/24,erezn,Bio-Info,
LBI-127,66219,LBI-103,Closed,As Planned,77%,30/04/2024 00:00,BioInsecticides- BIF: BIF Model Training (BI),288000,223200,iliab,P85 -Syngenta (Lavie),MicroBoost,4/1/24,erezn,Bio-Info,
LBI-138,66408,LBI-103,Closed,As Planned,50%,30/04/2024 00:00,BIF -  ALGO Support April`24,57600,28800,anatm,P85 -Syngenta (Lavie),MicroBoost,4/1/24,erezn,Algo,
LBI-146,66472,LBI-103,Closed,As Planned,75%,16/04/2024 00:00,BioInsecticides- BIF Feature preparation - biological activity features - APR,57600,43200,michala,P85 -Syngenta (Lavie),MicroBoost,4/1/24,drorf,Bio-Info,
LBI-93,62303,LAV-592,Closed,,100%,31/01/2024 00:00,Add BLAST page to patented sequences - Backend,28800,28800,duduz,P86 -Product ( Lavie),CPB,1/1/24,duduz,Dev,
LBI-84,60901,LAV-592,Closed,,110%,31/01/2024 00:00,Add BLAST page to patented sequences,144000,158400,hodayam,P999 - General (LavieBio),CPB,1/1/24,Iliaz,Dev,
LBI-85,60900,LAV-592,Closed,,95%,31/01/2024 00:00,Build a database of LavieBio patented sequences,144000,136800,hodayam,P86 -Product ( Lavie),CPB,1/1/24,Iliaz,Dev,
LBI-82,60839,LAV-592,Closed,,,31/03/2024 00:00,IP Lavie - please instruct in BLAST searches of patent sequence database,,,duduz,P86 -Product ( Lavie),MicroBoost,1/1/24,sharonl,Dev,
LBI-94,62605,LBI-78,Closed,,12%,31/01/2024 00:00,Lavie IP sequences - support,57600,7200,markb,P86 -Product ( Lavie),CPB,1/1/24,gala,Bio-Info,
LBI-87,61500,LBI-78,Closed,,187%,31/01/2024 00:00,Lavie IP sequences ,28800,54000,markb,P86 -Product ( Lavie),CPB,1/1/24,Iliaz,Bio-Info,
MIC-1126,62901,MIC-742,Closed,,70%,31/01/2024 00:00,Fix productions with different name in fasta file - New productions,144000,100800,michala,P271 - CPB Upkeep Computational (CPB),MicroBoost,1/1/24,gala,Bio-Info,
MIC-1121,62814,MIC-742,Closed,,81%,14/02/2024 00:00,Addition of Metadata components definition legend to Metabacum UI,57600,46800,noama,P273 - Product- Upkeep MB ,MicroBoost,2/1/24,elanitec,Dev,
INTBIOM-129,62403,MIC-742,Closed,,,15/01/2024 00:00,"FUNDA: Create Input File bug - HMP2, IBS, SRP057027, BIOM118 datasets  ",,7200,duduz,P271 - CPB Upkeep Computational (CPB),MicroBoost,1/1/24,inbarp,Product,
INTBIOM-127,62302,MIC-742,Closed,,,15/01/2024 00:00,FUNDA: Create Input File bug - tested on Sheba dataset  ,,14400,duduz,P271 - CPB Upkeep Computational (CPB),MicroBoost,1/1/24,inbarp,Product,
MIC-1103,60853,MIC-742,Closed,,0%,07/01/2024 00:00,Production report generate distorted results Jan2024,14400,,robertoo,P271 - CPB Upkeep Computational (CPB),MicroBoost,1/1/24,larisar,Algo,
MIC-1204,66547,MIC-1127,Closed,,,31/03/2024 00:00,Bug: Isolates assignment to Bacum Groups- IB,,28800,iliab,P271 - CPB Upkeep Computational (CPB),MicroBoost,3/1/24,gala,Bio-Info,
MIC-1202,66524,MIC-1127,Closed,,,31/03/2024 00:00,Bug: Isolates assignment to Bacum Groups ,,21600,liorr,P271 - CPB Upkeep Computational (CPB),MicroBoost,3/1/24,elanitec,Bio-Info,
MIC-1147,65102,MIC-1127,Closed,,100%,31/03/2024 00:00,StrainDB: write summary of StrainDB update process from MB side CPB QA,86400,86400,michala,P273 - Product- Upkeep MB ,MicroBoost,3/1/24,larisar,Bio-Info,
MIC-1138,63502,MIC-1127,Closed,,50%,13/02/2024 00:00,A production that fails CorBac and does not appear in Forester generated trees,57600,28800,anatm,P271 - CPB Upkeep Computational (CPB),MicroBoost,2/1/24,erezn,Algo,
MIC-1209,66576,MIC-1127,Closed,As Planned,,08/04/2024 00:00,"F2O fails to run against ""All StrainDB"" - Biomica platform",,14400,noama,P273 - Product- Upkeep MB ,MicroBoost,4/1/24,elanitec,Dev,
MIC-1215,66624,MIC-1127,Closed,As Planned,25%,29/04/2024 00:00,Bug: Isolates assignment to Bacum Groups for DEV,57600,14400,duduz,P271 - CPB Upkeep Computational (CPB),MicroBoost,4/1/24,iliab,Dev,
MIC-1207,66561,MIC-1127,Closed,As Planned,,22/04/2024 00:00,Bug: Isolates assignment to Bacum Groups ,,165600,iliab,P271 - CPB Upkeep Computational (CPB),MicroBoost,4/1/24,drorf,Bio-Info,
CPB-1350,66495,CPB-1361,Closed,,100%,30/04/2024 00:00,Vue3 - Gapseq,28800,28800,duduz,P271 - CPB Upkeep Computational (CPB),CPB,4/1/24,duduz,Dev,
CPB-1338,66486,CPB-1361,Closed,,100%,30/04/2024 00:00,Vue3 - Production report,57600,57600,duduz,P271 - CPB Upkeep Computational (CPB),CPB,4/1/24,duduz,Dev,
CPB-1339,66488,CPB-1361,Closed,Delay - Duration,153%,16/04/2024 00:00,Vue3 - Metabacum,115200,176400,noama,P271 - CPB Upkeep Computational (CPB),CPB,4/1/24,duduz,Dev,
CPB-1337,66494,CPB-1361,Closed,As Planned,145%,18/04/2024 00:00,Vue3 - F2O,86400,126000,noama,P271 - CPB Upkeep Computational (CPB),CPB,4/1/24,duduz,Dev,
CPB-1342,66487,CPB-1361,Closed,,100%,21/04/2024 00:00,Vue3 - Evocog phenotypes,57600,57600,noama,P271 - CPB Upkeep Computational (CPB),CPB,4/1/24,duduz,Dev,
CPB-1336,66485,CPB-1361,Closed,As Planned,115%,17/04/2024 00:00,Vue3 - Funda,144000,165600,hodayam,P271 - CPB Upkeep Computational (CPB),CPB,4/1/24,duduz,Dev,
CPB-1341,66490,CPB-1361,Closed,Delay - Duration,60%,18/04/2024 00:00,Vue3 - Cluster page,144000,86400,duduz,P271 - CPB Upkeep Computational (CPB),CPB,4/1/24,duduz,Dev,
INTBIOM-166,66263,INTBIOM-121,Closed,,87%,31/03/2024 00:00, Run 2 samples in the strainDB analysis,57600,50400,liorr,P999 - General (Biomica),MicroBoost,3/1/24,sharonl,Bio-Info,
INTBIOM-130,62703,INTBIOM-121,Closed,,100%,27/01/2024 00:00,Retrival of Biomica's metagenomic data- download,57600,57600,michala,P999 - General (Biomica),CPB,1/1/24,gala,Bio-Info,
INTBIOM-128,62402,INTBIOM-121,Closed,,100%,27/01/2024 00:00,Peptider- planning the project,57600,57600,michala,P252 - Cancer Immun adjuvant (Biomica),CPB,1/1/24,gala,Bio-Info,
INTBIOM-120,61700,INTBIOM-121,Closed,,100%,27/01/2024 00:00, Retrival of Biomica's metagenomic data,57600,57600,michala,P999 - General (Biomica),CPB,1/1/24,sharonl,Bio-Info,
INTBIOM-162,65605,INTBIOM-121,Closed,As Planned,100%,23/04/2024 00:00,Adding Archeal genomes to the CONFUTER -Part 1,57600,57600,liorr,P999 - General (Biomica),MicroBoost,4/1/24,sharonl,Bio-Info,
INTBIOM-170,66458,INTBIOM-121,Closed,As Planned,83%,30/04/2024 00:00,Adding Archeal genomes to the CONFUTER -Part 2,86400,72000,liorr,P999 - General (Biomica),MicroBoost,4/1/24,sharonl,Bio-Info,
INTBIOM-154,64801,INTBIOM-169,Closed,,,19/02/2024 00:00,Metadata components can not be chosen in metabacum,,3600,noama,P271 - CPB Upkeep Computational (CPB),MicroBoost,2/1/24,elanitec,Customer success,
INTBIOM-167,66264,INTBIOM-169,Closed,As Planned,100%,30/04/2024 00:00,Floating value assembly matrices,57600,57600,iliab,P999 - General (Biomica),MicroBoost,4/1/24,sharonl,Bio-Info,
MIC-1087,60681,MIC-839,Closed,,125%,31/01/2024 00:00,Delete data for NHV runs after 30 days,28800,36000,nerias,P265 - Product- MB (Microboost),MicroBoost,1/1/24,erezn,Dev,
MIC-1135,62913,MIC-888,Closed,,40%,26/02/2024 00:00,New pathway app. - fix CPB_CENTRAL.PATHWAYS content,144000,57600,duduz,P265 - Product- MB (Microboost),MicroBoost,2/1/24,larisar,Dev,
MIC-1116,62502,MIC-888,Closed,,100%,31/01/2024 00:00,New pathway app. - alignment on development status - Jan2024,28800,28800,iliab,P265 - Product- MB (Microboost),MicroBoost,1/1/24,larisar,Bio-Info,
MIC-1132,62910,MIC-888,Closed,,100%,29/02/2024 00:00,New pathway app. - RXNs' data organization,57600,57600,iliab,P265 - Product- MB (Microboost),MicroBoost,2/1/24,larisar,Bio-Info,
MIC-1131,62908,MIC-888,Closed,,100%,28/02/2024 00:00,New pathway app. - check/fix difference in PWYs number in DB vs file system,86400,86400,iliab,P265 - Product- MB (Microboost),MicroBoost,2/1/24,larisar,Bio-Info,
MIC-1142,64505,MIC-888,Closed,,100%,21/03/2024 00:00,New pathway app. - RXNs' data organization - Mar,201600,201600,iliab,P265 - Product- MB (Microboost),MicroBoost,3/1/24,drorf,Bio-Info,
INTCAS-16,66455,INTCAS-3,Closed,As Planned,200%,11/04/2024 00:00,Download 100 Castor bean NGS,28800,57600,markb,P403 - Run Generator (on going) - Casterra ,Generator,4/1/24,naamag,Bio-Info,
INTCAS-7,66235,INTCAS-3,Closed,As Planned,143%,22/04/2024 00:00,Run Reseq on castor bean sequences,115200,165600,markb,P403 - Run Generator (on going) - Casterra ,Generator,4/1/24,naamag,Bio-Info,
LBI-83,60840,LAV-590,Closed,,108%,31/01/2024 00:00,compare quality of genome production from sequences produced in different methods,86400,93600,iliab,P999 - General (LavieBio),MicroBoost,1/1/24,sharonl,Bio-Info,
LBI-102,63404,LBI-76,Closed,,100%,11/02/2024 00:00,"Update to the ""Conversion Tables for Database Versions"" App",86400,86400,noama,P999 - General (LavieBio),MicroBoost,2/1/24,erezn,Dev,
LBI-148,66542,LBI-76,Closed,As Planned,,11/04/2024 00:00,BUG-A serratia genome that does not cluster with other serratia,,,gala,P999 - General (LavieBio),MicroBoost,4/1/24,elanitec,Bio-Info,
AGPI-26,60807,AG-1272,Closed,,116%,16/01/2026 00:00,Run DeNovo for APTH12 .Jan24,86400,100800,robertoo,P210 - Herbicides Corteva (AgPlenus),ChemPass,1/1/24,hamutal.e,Algo,
INTBIOM-136,63310,INTBIOM-138,Closed,,100%,29/02/2024 00:00,Peptider support,28800,28800,michala,P252 - Cancer Immun adjuvant (Biomica),CPB,2/1/24,sharonl,Bio-Info,
CPB-1296,66332,CPB-1253,Closed,,0%,30/04/2024 00:00,(Milestone) deliver of modules that can be used in the preparation DAG,0,,robertoo,P271 - CPB Upkeep Computational (CPB),CPB,3/1/24,drorf,Algo,
CPB-1159,63212,CPB-1253,Closed,,87%,08/04/2024 00:00,PhaseDB manipulation scripts,115200,100800,itair,P279 - CPB projects Computational (CPB),ChemPass,3/1/24,robertoo,Algo,
CPB-1297,66333,CPB-1253,Closed,As Planned,83%,08/04/2024 00:00,Select new molecular variants and molecule variants without a representative in PhaseDB and create one.,86400,72000,itair,P271 - CPB Upkeep Computational (CPB),CPB,4/1/24,drorf,Algo,
CPB-1212,65215,CPB-1253,Closed,Delay - Duration,125%,18/04/2024 00:00,Add new molecules to PhaseDBs,57600,72000,itair,P279 - CPB projects Computational (CPB),ChemPass,4/1/24,robertoo,Algo,
GEN-119,65400,INTCAS-5,Closed,,104%,14/03/2024 00:00,Phyletic UI - rewrite to new arch.,288000,302400,noama,P402 - Casterra Generator,Generator,3/1/24,duduz,Dev,
GEN-120,65212,INTCAS-5,Closed,,100%,31/03/2024 00:00,Phyletic documentation,115200,115200,michala,P402 - Casterra Generator,Generator,3/1/24,gala,Bio-Info,
CHEM-942,66211,CHEM-941,Closed,,80%,18/03/2024 00:00,Foundation De Novo Model / GCP ,72000,57600,robertoo,P264 - Product-CP (Chempass),ChemPass,3/1/24,hamutal.e,Algo,
INTBIOM-119,61206,INTBIOM-79,Closed,,50%,29/02/2024 00:00,PRJNA762360 sample_data.txt,57600,28800,michala,P252 - Cancer Immun adjuvant (Biomica),MicroBoost,2/1/24,gala,Bio-Info,
INTBIOM-96,60200,INTBIOM-79,Closed,,60%,29/02/2024 00:00,PRJNA762360 Normalization - Feb,72000,43200,michala,P252 - Cancer Immun adjuvant (Biomica),MicroBoost,2/1/24,iliab,Bio-Info,
INTBIOM-140,63614,INTBIOM-78,Closed,,100%,08/02/2024 00:00,StrainDB analysis of PRJNA928744- Feb,28800,28800,liorr,P252 - Cancer Immun adjuvant (Biomica),MicroBoost,2/1/24,gala,Bio-Info,
INTBIOM-137,63500,INTBIOM-78,Closed,,100%,06/02/2024 00:00,PRJNA928744 - Generate sample_data.txt and Upload,57600,57600,iliab,P252 - Cancer Immun adjuvant (Biomica),MicroBoost,2/1/24,gala,Bio-Info,
INTBIOM-104,60599,INTBIOM-78,Closed,,80%,31/12/2023 00:00,StrainDB analysis of PRJNA928744,144000,115200,liorr,P252 - Cancer Immun adjuvant (Biomica),MicroBoost,1/1/24,gala,Bio-Info,
INTBIOM-57,58302,INTBIOM-78,Closed,,100%,26/12/2023 00:00,"evocogs, KOs and pathways assembly analysis on downloaded clean data from PRJNA928744 - Normalization",72000,72000,iliab,P252 - Cancer Immun adjuvant (Biomica),MicroBoost,1/1/24,elanitec,Bio-Info,
INTBIOM-59,58304,INTBIOM-78,Closed,,108%,31/01/2024 00:00,"evocogs, KOs and pathways assembly analysis on downloaded clean data from PRJNA928744 - Generate sample_data.txt and Upload",86400,93600,iliab,P252 - Cancer Immun adjuvant (Biomica),MicroBoost,1/1/24,elanitec,Bio-Info,
CPB-1288,66324,CPB-1252,Closed,,100%,30/04/2024 00:00,Definition of EVX and PhaseDB counters,28800,28800,robertoo,P271 - CPB Upkeep Computational (CPB),CPB,3/1/24,drorf,Algo,
CPB-1239,65614,CPB-1252,Closed,,100%,07/03/2024 00:00,Design and convert the download data into the new DB-files data structure - March2024,57600,57600,robertoo,P279 - CPB projects Computational (CPB),ChemPass,3/1/24,robertoo,Algo,
CPB-1211,65214,CPB-1252,Closed,,102%,31/03/2024 00:00," Scripts for checking if molecule is new, or has a new variant from variants file-DB",288000,295200,itair,P279 - CPB projects Computational (CPB),ChemPass,3/1/24,robertoo,Algo,
CPB-1292,66328,CPB-1252,Closed,Delay - Effort,100%,18/04/2024 00:00,  Internal data correction and curation,115200,115200,robertoo,P271 - CPB Upkeep Computational (CPB),CPB,4/1/24,drorf,Algo,
CPB-1133,60821,CPB-1356,Closed,,100%,31/12/2023 00:00,Vue3 -Prepare kick-off,86400,86400,nerias,P279 - CPB projects Computational (CPB),CPB,1/1/24,duduz,Dev,
GEN-121,66262,GEN-123,Closed,,66%,29/02/2024 00:00,Centrelize tables in Generator new schema - Mar,86400,57600,duduz,P402 - Casterra Generator,Generator,3/1/24,duduz,Dev,
GEN-110,66202,GEN-123,Closed,,50%,10/03/2024 00:00,Check and fix issues in eVolve for Generator,28800,14400,duduz,P402 - Casterra Generator,Generator,3/1/24,duduz,Dev,
GEN-116,65401,GEN-123,Closed,,30%,17/03/2024 00:00,Adjust loader scripts to Generator,144000,43260,duduz,P402 - Casterra Generator,Generator,3/1/24,duduz,Dev,
GEN-117,65210,GEN-123,Closed,,100%,12/03/2024 00:00,filter vcf,86400,86400,michala,P402 - Casterra Generator,Generator,3/1/24,gala,Bio-Info,
GEN-113,65209,GEN-123,Closed,,100%,07/03/2024 00:00,vcf to clusters,115200,115200,michala,P402 - Casterra Generator,CPB,3/1/24,gala,Bio-Info,
GEN-118,65211,GEN-123,Closed,,100%,14/03/2024 00:00,Phyletic DAG,57600,57600,michala,P402 - Casterra Generator,Generator,3/1/24,gala,Bio-Info,
MIC-1137,63011,MIC-909,Closed,,,18/02/2024 00:00,RESEQ/SAUCE UI upgrades after MB QA - BI ,,,gala,P265 - Product- MB (Microboost),MicroBoost,2/1/24,erezn,Bio-Info,
MIC-1136,63010,MIC-909,Closed,,42%,18/02/2024 00:00,RESEQ/SAUCE UI upgrades after MB QA - Algo,201600,86400,itair,P265 - Product- MB (Microboost),MicroBoost,2/1/24,erezn,Algo,
MIC-1129,62906,MIC-909,Closed,,83%,21/02/2024 00:00,RESEQ/SAUCE UI upgrades after MB QA - Dev,86400,72000,noama,P265 - Product- MB (Microboost),MicroBoost,2/1/24,erezn,Dev,
MIC-1089,60689,MIC-909,Closed,,50%,05/01/2024 00:00,RESEQ/SAUCE UI - rerun data for Lysobacter_capsici_16803BG_67370ASM_19v1 in airflow pipeline,144000,72000,gala,P265 - Product- MB (Microboost),MicroBoost,1/1/24,erezn,Bio-Info,
MIC-1090,60690,MIC-909,Closed,,,05/01/2024 00:00,RESEQ/SAUCE UI - upload the data for Lysobacter_capsici_16803BG_67370ASM_19v1,,,duduz,P265 - Product- MB (Microboost),MicroBoost,1/1/24,erezn,Dev,
INTBIOM-47,57926,INTBIOM-80,Closed,,0%,31/10/2023 00:00,Load clinical metadata to clinicalDB for data in PRJNA822660,28800,,duduz,P255 - IBD (Biomica 2023),CPB,1/1/24,elanitec,Dev,
INTBIOM-134,63301,INTBIOM-77,Closed,,100%,31/01/2024 00:00,KRAKEN fix - StrainDB analysis on Sheba data,57600,57600,liorr,P255 - IBD (Biomica 2023),MicroBoost,1/1/24,gala,Bio-Info,
INTBIOM-135,63302,INTBIOM-77,Closed,,100%,08/02/2024 00:00,Sheba dataset: Generate sample_data.txt and upload to Metabacum,28800,28800,liorr,P255 - IBD (Biomica 2023),MicroBoost,2/1/24,gala,Bio-Info,
INTBIOM-125,62101,INTBIOM-77,Closed,,60%,30/01/2024 00:00,Kraken analysis on Sheba data-SH_017_DKDL220013466,72000,43200,gala,P255 - IBD (Biomica 2023),MicroBoost,1/1/24,gala,Bio-Info,
INTBIOM-124,62100,INTBIOM-77,Closed,,60%,30/01/2024 00:00,Refunder analysis on Sheba data- A_302_DKDL220013467,72000,43200,michala,P255 - IBD (Biomica 2023),MicroBoost,1/1/24,gala,Bio-Info,
CPB-1266,66268,CPB-1358,Closed,,78%,20/03/2024 00:00,Vue3 - Common functionalities for jobs' list,115200,90000,nerias,P279 - CPB projects Computational (CPB),CPB,3/1/24,duduz,Dev,
CPB-1241,65701,CPB-1358,Closed,,125%,11/03/2024 00:00,Vue3 - Define and implement common components and methods - Mar,57600,72000,nerias,P279 - CPB projects Computational (CPB),CPB,3/1/24,duduz,Dev,
CPB-1164,63307,CPB-1331,Closed,,100%,07/02/2024 00:00,Vu3 - Install Global state management (pinia or Vuex),57600,57600,nerias,P271 - CPB Upkeep Computational (CPB),CPB,2/1/24,duduz,Dev,
CPB-1162,63305,CPB-1331,Closed,,100%,17/01/2024 00:00,Vue3 - Install axios and verify autentication,28800,28800,nerias,P271 - CPB Upkeep Computational (CPB),CPB,2/1/24,duduz,Dev,
CPB-1161,63304,CPB-1331,Closed,,100%,31/01/2024 00:00,Vue3 - Create new NUXT3 project,28800,28800,nerias,P271 - CPB Upkeep Computational (CPB),CPB,1/1/24,duduz,Dev,
CPB-1163,63306,CPB-1331,Closed,,100%,25/01/2024 00:00,Vue3 - Install Vuetify,28800,28800,nerias,P271 - CPB Upkeep Computational (CPB),CPB,2/1/24,duduz,Dev,
CPB-1166,63309,CPB-1331,Closed,,100%,23/01/2024 00:00,Vue3 - global CSS,28800,28800,nerias,P271 - CPB Upkeep Computational (CPB),CPB,2/1/24,duduz,Dev,
CPB-1186,64700,CPB-1357,Closed,,100%,29/02/2024 00:00,Vue3 - Search bar and  page,57600,57600,nerias,P271 - CPB Upkeep Computational (CPB),CPB,2/1/24,duduz,Dev,
CPB-1182,64404,CPB-1357,Closed,,150%,29/02/2024 00:00,Vue3 - Apps page,57600,86400,nerias,P271 - CPB Upkeep Computational (CPB),CPB,2/1/24,duduz,Dev,
CPB-1181,64403,CPB-1357,Closed,,150%,29/02/2024 00:00,Vue3 - Workflows,57600,86400,nerias,P271 - CPB Upkeep Computational (CPB),CPB,2/1/24,duduz,Dev,
CPB-1165,63308,CPB-1357,Closed,,75%,13/02/2024 00:00,Vue3 - Verify authentication process,115200,86400,nerias,P271 - CPB Upkeep Computational (CPB),CPB,2/1/24,duduz,Dev,
LBI-88,61901,LBI-79,Closed,,100%,31/01/2024 00:00,Strain comparison WCRW- EVOS202- Ilia,86400,86400,iliab,P145-Corteva - IA (Lavie),MicroBoost,1/1/24,gala,Bio-Info,
LBI-61,60588,LBI-79,Closed,,100%,31/12/2023 00:00, Strain comparison WCRW- EVOS202,57600,57600,liorr,P145-Corteva - IA (Lavie),MicroBoost,1/1/24,sharonl,Bio-Info,
LBI-133,66354,LBI-79,Closed,As Planned,50%,30/04/2024 00:00,Strain comparison pipeline additions,57600,28800,liorr,P145-Corteva - IA (Lavie),MicroBoost,4/1/24,sharonl,Bio-Info,
LBI-134,66355,LAV-601,Closed,As Planned,50%,30/04/2024 00:00,Strain comparison WCRW- EVOS202,57600,28800,gala,P145-Corteva - IA (Lavie),MicroBoost,4/1/24,sharonl,Bio-Info,
CHEM-856,60626,CHEM-519,Closed,,182%,31/12/2023 00:00,Target Selector script to find the paralogs and orthologs of relevant proteins,201600,367380,markb,P264 - Product-CP (Chempass),ChemPass,1/1/24,boazm,Bio-Info,
CHEM-857,60627,CHEM-519,Closed,,100%,31/12/2023 00:00,Target Selector- part 3 script that import proteomes from different species,144000,144000,markb,P264 - Product-CP (Chempass),ChemPass,1/1/24,boazm,Bio-Info,
CHEM-921,65402,CHEM-927,Closed,,25%,25/03/2024 00:00,Target Selector - UI first draft,28800,7200,duduz,P264 - Product-CP (Chempass),ChemPass,3/1/24,boazm,Dev,
CHEM-922,65405,CHEM-927,Closed,,85%,12/03/2024 00:00,Target Selector - Update the script that extracts protein characteristic information and sequence analysis,144000,122400,markb,P264 - Product-CP (Chempass),ChemPass,3/1/24,boazm,Bio-Info,
CHEM-917,65323,CHEM-927,Closed,,133%,24/03/2024 00:00,Target Selector - calculate identity between query sequence and model species protein,86400,115200,markb,P264 - Product-CP (Chempass),ChemPass,3/1/24,boazm,Bio-Info,
CHEM-908,63628,CHEM-927,Closed,,87%,06/02/2024 00:00,Target Selector script to find the paralogs and orthologs of relevant proteins- Feb,28800,25200,markb,P264 - Product-CP (Chempass),ChemPass,2/1/24,gala,Bio-Info,
CHEM-907,63612,CHEM-927,Closed,,91%,28/02/2024 00:00,Target selector:  binding site conservation calculation,201600,183600,markb,P264 - Product-CP (Chempass),ChemPass,2/1/24,gala,Bio-Info,
CHEM-906,63501,CHEM-927,Closed,,0%,27/03/2024 00:00,Target Selector: DAG for protein network based on STRING-DB Feb2024,57600,,markb,P264 - Product-CP (Chempass),ChemPass,3/1/24,boazm,Algo,
CHEM-900,63316,CHEM-927,Closed,,100%,20/02/2024 00:00,Target Selector: DAG for protein network based on STRING-DB Jan2024,86400,86400,itair,P264 - Product-CP (Chempass),ChemPass,1/1/24,boazm,Algo,
CHEM-901,63317,CHEM-927,Closed,,58%,05/03/2024 00:00,Target Selector: DAG for connectivity,86400,50460,markb,P264 - Product-CP (Chempass),ChemPass,3/1/24,boazm,Bio-Info,
CHEM-895,62811,CHEM-927,Closed,,123%,18/02/2024 00:00,Target selector:  find binding site,273600,338400,markb,P264 - Product-CP (Chempass),ChemPass,2/1/24,gala,Bio-Info,
CHEM-894,62701,CHEM-927,Closed,,55%,28/03/2024 00:00,Target selector:  binding site conservation - Jan,144000,79200,markb,P264 - Product-CP (Chempass),ChemPass,1/1/24,boazm,Bio-Info,
CHEM-887,61501,CHEM-927,Closed,,,08/01/2024 00:00,Diamond similarity to find the connection between DEG output and Bombyx proteome,,18000,markb,P264 - Product-CP (Chempass),ChemPass,1/1/24,boazm,Bio-Info,
CHEM-879,60907,CHEM-927,Closed,,100%,03/01/2024 00:00,Run Fast Pathways on Bombyx mori,43200,43200,iliab,P264 - Product-CP (Chempass),ChemPass,1/1/24,boazm,Bio-Info,
CHEM-916,65322,CHEM-927,Closed,,180%,19/03/2024 00:00,Target Selector - Join into summary table protein characteristic features information and sequence analysis,144000,259680,markb,P264 - Product-CP (Chempass),ChemPass,3/1/24,boazm,Bio-Info,
CHEM-923,65600,CHEM-927,Closed,,0%,31/03/2024 00:00,Target Selector - code review,57600,,itair,P264 - Product-CP (Chempass),ChemPass,3/1/24,gala,Algo,
INTBIOM-187,66609,BIOM-371,Closed,As Planned,50%,30/05/2024 00:00,FUNDA - definition of groups 1 and 2 -Algo,57600,28800,anatm,P999 - General (Biomica),MicroBoost,4/1/24,inbarp,Algo,
INTBIOM-168,66430,BIOM-371,Closed,Delay - Duration,83%,22/04/2024 00:00,FUNDA - definition of groups 1 and 2 -Algo,86400,72000,robertoo,P999 - General (Biomica),MicroBoost,4/1/24,inbarp,Algo,Customer success
INTBIOM-172,66530,INTBIOM-72,Closed,,25%,31/03/2024 00:00,Funda UI changes- addition of external abundance tables-Continue - Mar,115200,28800,anatm,P999 - General (Biomica),MicroBoost,3/1/24,drorf,Algo,
INTBIOM-156,64900,INTBIOM-72,Closed,,57%,17/03/2024 00:00,Funda UI changes- addition of external abundance tables-Continue- Dev,144000,82800,nerias,P999 - General (Biomica),MicroBoost,3/1/24,inbarp,Dev,
INTBIOM-143,63616,INTBIOM-72,Closed,,100%,04/02/2024 00:00,Funda: Multiple error emails for a certain failed job & Lack of error emails for other jobs (all jobs submitted at once).Feb2024,57600,57600,anatm,P999 - General (Biomica),MicroBoost,2/1/24,inbarp,Product,
INTBIOM-131,62809,INTBIOM-72,Closed,,,18/01/2024 00:00,Funda: Multiple error emails for a certain failed job & Lack of error emails for other jobs (all jobs submitted at once),,201600,anatm,P999 - General (Biomica),MicroBoost,1/1/24,inbarp,Product,
INTBIOM-132,62810,INTBIOM-72,Closed,,100%,26/02/2024 00:00,Funda UI changes- addition of external abundance tables-Continue,144000,144000,anatm,P999 - General (Biomica),MicroBoost,2/1/24,elanitec,Algo,
INTBIOM-118,60848,INTBIOM-72,Closed,,0%,31/01/2024 00:00,Pickaxe - filter through all results in the UI - Jan,288000,,nerias,P999 - General (Biomica),MicroBoost,1/1/24,duduz,Dev,
INTBIOM-115,60722,INTBIOM-72,Closed,,,08/12/2023 00:00, Funda UI CPBC,,,duduz,P999 - General (Biomica),MicroBoost,1/1/24,sharonl,Product,
INTBIOM-113,60694,INTBIOM-72,Closed,,0%,31/01/2024 00:00,Pickaxe - filter through all results in the UI - ALGO,57600,,robertoo,P999 - General (LavieBio),MicroBoost,1/1/24,drorf,Algo,
CPB-1213,65216,CPB-1267,Closed,As Planned,50%,21/04/2024 00:00,Design the update of the DB files,115200,57600,itair,P279 - CPB projects Computational (CPB),ChemPass,4/1/24,robertoo,Algo,
CPB-1214,65217,CPB-1267,Closed,As Planned,104%,29/04/2024 00:00,Scripts for Update of the DB files,86400,90000,itair,P279 - CPB projects Computational (CPB),ChemPass,4/1/24,robertoo,Algo,
COL-48,66629,COL-47,Closed,As Planned,100%,31/05/2024 00:00,Upload Macrobrachium genome and SNPs,86400,86400,michala,P290 - Colors (Product),Generator,4/1/24,naamag,Bio-Info,
CPB-1335,66509,CPB-1363,Closed,,100%,09/04/2024 00:00,Vue3 - FASTA36,28800,28800,hodayam,P271 - CPB Upkeep Computational (CPB),CPB,4/1/24,duduz,Dev,
CPB-1334,66508,CPB-1363,Closed,,100%,10/04/2024 00:00,Vue3 - Genecore,28800,28800,hodayam,P271 - CPB Upkeep Computational (CPB),CPB,4/1/24,duduz,Dev,
CPB-1320,66415,CPB-1249,Closed,,100%,31/03/2024 00:00,Determine new molecules that need full processing and old molecules with changed status,28800,28800,robertoo,P279 - CPB projects Computational (CPB),ChemPass,3/1/24,robertoo,Algo,
CPB-1246,66227,CPB-1249,Closed,,0%,31/03/2024 00:00,Assign EVX to new molecules ,86400,,itair,P279 - CPB projects Computational (CPB),ChemPass,3/1/24,robertoo,Algo,
CPB-1240,65615,CPB-1249,Closed,,141%,21/03/2024 00:00,Process and QA catalog data from vendors - March 2024,86400,122400,robertoo,P279 - CPB projects Computational (CPB),ChemPass,3/1/24,robertoo,Algo,
CPB-1157,63210,CPB-1249,Closed,,25%,31/03/2024 00:00,Join preparation results for different vendors,57600,14400,robertoo,P279 - CPB projects Computational (CPB),ChemPass,3/1/24,robertoo,Algo,
CPB-1154,63207,CPB-1249,Closed,,87%,29/02/2024 00:00,Process and QA catalog data from vendors,144000,126000,robertoo,P279 - CPB projects Computational (CPB),ChemPass,2/1/24,robertoo,Algo,
CPB-1155,63208,CPB-1249,Closed,,100%,21/03/2024 00:00,Check preparation DAG,57600,57600,robertoo,P279 - CPB projects Computational (CPB),ChemPass,3/1/24,robertoo,Algo,
CPB-1366,66558,CPB-1249,Closed,As Planned,100%,03/04/2024 00:00,Assign EVX to new molecules - finish DAG,57600,57600,itair,P279 - CPB projects Computational (CPB),ChemPass,4/1/24,robertoo,Algo,
CPB-1275,66311,CPB-1249,Closed,As Planned,66%,05/04/2024 00:00,For the processed molecules determine the best priority for each EVX,86400,57600,itair,P271 - CPB Upkeep Computational (CPB),CPB,4/1/24,drorf,Algo,
CPB-1156,63209,CPB-1249,Closed,,133%,19/03/2024 00:00,Compare processed catalog to DB files,86400,115200,itair,P279 - CPB projects Computational (CPB),ChemPass,3/1/24,robertoo,Algo,
CPB-1369,66619,CPB-1249,Closed,,118%,17/04/2024 00:00,Algorithmic improvements - Polars and Join-Union,57600,68400,itair,P279 - CPB projects Computational (CPB),ChemPass,4/1/24,robertoo,Algo,
MIC-1158,66266,MIC-1157,Closed,As Planned,60%,08/04/2024 00:00,Production preparation for training set genomes,144000,86400,gala,P165 - VERB BIOTICS,MicroBoost,4/1/24,elanitec,Bio-Info,
MIC-1169,66418,MIC-1157,Closed,As Planned,12%,07/04/2024 00:00,Linking literature reported urolithin pathway genes to EvoCOGs,57600,7200,gala,P165 - VERB BIOTICS,MicroBoost,4/1/24,elanitec,Bio-Info,
MIC-1216,66664,MIC-1157,Closed,,,30/04/2024 00:00,Production preparation for VB training set,,43200,liorr,P165 - VERB BIOTICS,MicroBoost,4/1/24,erezn,Bio-Info,
MIC-1173,66428,MIC-1157,Closed,As Planned,20%,15/04/2024 00:00,Production preparation for training set genomes ,144000,28800,gala,P165 - VERB BIOTICS,MicroBoost,4/1/24,elanitec,Bio-Info,
GEN-128,66529,,Closed,,,03/04/2024 00:00,EVOLVE - A job run on 26.03.24 does not appear on the jobs list,,36000,itair,P271 - CPB Upkeep Computational (CPB),Generator,3/1/24,inbarp,Algo,
GEN-122,66232,,Closed,,,31/03/2024 00:00,BI Support ,,21600,gala,P402 - Casterra Generator,Generator,3/1/24,drorf,Bio-Info,
CAN-178,65607,,Closed,,62%,31/03/2024 00:00,Canonic data preservation,57600,36000,gala,P216 - Core collection & Data base  (Canonic),Generator,3/1/24,drorf,Bio-Info,
COL-42,65601,,Closed,,100%,05/03/2024 00:00,Implementing plymorphism filtering in evoguide- Mar,57600,57600,michala,P290 - Colors (Product),Generator,3/1/24,gala,Bio-Info,
AGPI-45,65506,,Closed,,,01/03/2026 00:00,Problematic Single run - 1709105348,,1800,robertoo,P23 - Herbicides (AgPlenus),ChemPass,2/1/24,alinsb,Algo,
AGPI-41,65404,,Closed,,,02/03/2025 00:00,Vendor name update - catalog- additional vendor,,1800,robertoo,P23 - Herbicides (AgPlenus),ChemPass,2/1/24,alinsb,Algo,
AGPI-38,65000,,Closed,,,20/02/2024 00:00,Problematic Single run results - ,,,robertoo,P23 - Herbicides (AgPlenus),ChemPass,2/1/24,galis,Algo,
AGPI-37,64601,,Closed,,,14/02/2024 00:00,Vendor name update - catalog,,3600,robertoo,P23 - Herbicides (AgPlenus),ChemPass,2/1/24,galis,Algo,
AGPI-36,64400,,Closed,,12%,12/02/2024 00:00,Remove single run results,43200,5400,robertoo,P23 - Herbicides (AgPlenus),ChemPass,2/1/24,galis,Algo,
CPB-1180,64402,,Closed,,100%,29/02/2024 00:00,Vue3 - Dashboard layout and switcher,57600,57600,nerias,P271 - CPB Upkeep Computational (CPB),CPB,2/1/24,duduz,Dev,
CPB-1153,63206,,Closed,,87%,29/02/2024 00:00,"determine the optimal data structure to keep the files (e.g. chunks by EVX, catalogs by vendors, chunk sizes, relevant file contents)",115200,100800,robertoo,P279 - CPB projects Computational (CPB),ChemPass,2/1/24,robertoo,Algo,
CPB-1149,63202,,Closed,,97%,12/02/2024 00:00,POC - design data structure for ELK,144000,140400,hodayam,P279 - CPB projects Computational (CPB),ChemPass,2/1/24,robertoo,Dev,
LBI-99,62905,,Closed,,50%,18/02/2024 00:00, LAV23X+24X - ICL soy&cotton (Public productions),144000,72000,gala,P82 - ICL (Lavie),MicroBoost,2/1/24,sharonl,Bio-Info,
AGPI-29,61801,,Closed,,,04/01/2024 00:00,Single run job key: 1704192922,,3600,robertoo,P23 - Herbicides (AgPlenus),ChemPass,1/1/24,alinsb,Algo,
CPB-1134,60842,,Closed,,94%,31/01/2024 00:00,ChemDB update - Oracle alternatives POC,201600,190800,hodayam,P279 - CPB projects Computational (CPB),CPB,1/1/24,duduz,Dev,
AGPI-49,66287,,Closed,As Planned,,17/03/2024 00:00,Problematic Single run - 1709105348_not solved,,,robertoo,P23 - Herbicides (AgPlenus),ChemPass,4/1/24,alinsb,Algo,
CPB-1158,63211,,Closed,,100%,29/02/2024 00:00,PhaseDB creation scripts,86400,86400,itair,P279 - CPB projects Computational (CPB),ChemPass,2/1/24,robertoo,Algo,
CPB-1151,63204,,Closed,,95%,29/02/2024 00:00,Download the full data from ORACLE,86400,82800,hodayam,P279 - CPB projects Computational (CPB),ChemPass,2/1/24,robertoo,Dev,
INTBIOM-177,66569,,Closed,,,04/04/2024 00:00,PICKAXE topic mode error - DEV,,7200,duduz,P271 - CPB Upkeep Computational (CPB),MicroBoost,4/1/24,inbarp,Customer success,
